{"clientType": "candidateClient", "comCode": "com64", "userType": "candidate", "requestUrl": "http://119.29.85.53:5000", "bindInterviewerCode": "6401", "bindEnterpriseCode": 64, "interviewMethod": 1, "interviewPhaseArrangement": {"0700-1400": 1, "2115-2200": 2}, "interviewCandidateQueue": ["24182", "12241", "17501", "16141", "09482", "30192", "04541", "22392", "11251", "10351"], "tts": {"apiKey": "TSFp0BKH547h7Agjf2WkV2Ll", "appId": "11617561", "secretKey": "c9RZ1ZLxPe6wQVWOUwjaWOLvM7EpXHwe", "per": 5118}}